<?xml version="1.0" encoding="UTF-8"?>
  <SupportAssistPrebootDiagnosticLog>
    <Schema>1.0.0</Schema>
    <LogNumber>58</LogNumber>
    <LogTimeStamp>11/08/2019 19:59:33</LogTimeStamp>
    <ePSA_Data>
      <Result>Abort</Result>
      <ReturnCode>BOOT_F2</ReturnCode>
      <DevicesTested>Memory, Hard Drive</DevicesTested>
      <ePSAFullVersion>4304.14</ePSAFullVersion>
      <ePSAInvocationCount>31</ePSAInvocationCount>
    </ePSA_Data>
    <BIOS_Data>
      <ErrorCategory>NO_BOOT</ErrorCategory>
      <ErrorMessage><![CDATA[Operating System Loader has no signature. Incompatible with SecureBoot. All bootable devices failed Secure Boot verification.
]]></ErrorMessage>
      <SOS_Available>FALSE</SOS_Available>
      <TimeOutSeconds>0</TimeOutSeconds>
    </BIOS_Data>
  </SupportAssistPrebootDiagnosticLog>
